title,min,max,avg,count,sum
Senior Engineer,40000,98186,48510.419749468903,13651,662215740
Assistant Engineer,40000,89121,47785.087649402390,251,11994057
Technique Leader,40000,91420,48094.160348042262,1609,77383504
Manager,48077,71148,59612.500000000000,2,119225
Engineer,40000,97722,48524.816672814460,2711,131550778
Staff,40000,122726,58327.050939663699,2022,117937297
Senior Staff,40000,124357,58481.831028589186,12872,752778129
